,pretty_formula,material_id,elasticity.G_VRH,elasticity.K_VRH,elasticity.elastic_tensor,cif
0,LiHfPt2,mp-867834,18.0,143.0,"[[149.0, 140.0, 140.0, 0.0, 0.0, 0.0], [140.0, 149.0, 140.0, 0.0, 0.0, 0.0], [140.0, 140.0, 149.0, 0.0, 0.0, 0.0], [0.0, 0.0, 0.0, 41.0, 0.0, 0.0], [0.0, 0.0, 0.0, 0.0, 41.0, 0.0], [0.0, 0.0, 0.0, 0.0, 0.0, 41.0]]","# generated using pymatgen
data_LiHfPt2
_symmetry_space_group_name_H-M   'P 1'
_cell_length_a   4.51822141
_cell_length_b   4.51822141
_cell_length_c   4.51822141
_cell_angle_alpha   60.00000000
_cell_angle_beta   60.00000000
_cell_angle_gamma   60.00000000
_symmetry_Int_Tables_number   1
_chemical_formula_structural   LiHfPt2
_chemical_formula_sum   'Li1 Hf1 Pt2'
_cell_volume   65.22101160
_cell_formula_units_Z   1
loop_
 _symmetry_equiv_pos_site_id
 _symmetry_equiv_pos_as_xyz
  1  'x, y, z'
loop_
 _atom_site_type_symbol
 _atom_site_label
 _atom_site_symmetry_multiplicity
 _atom_site_fract_x
 _atom_site_fract_y
 _atom_site_fract_z
 _atom_site_occupancy
  Li  Li0  1  0.00000000  0.00000000  0.00000000  1
  Hf  Hf1  1  0.50000000  0.50000000  0.50000000  1
  Pt  Pt2  1  0.25000000  0.25000000  0.25000000  1
  Pt  Pt3  1  0.75000000  0.75000000  0.75000000  1
"
1,LiZrPt2,mp-865866,17.0,140.0,"[[147.0, 136.0, 136.0, 0.0, 0.0, 0.0], [136.0, 147.0, 136.0, 0.0, 0.0, 0.0], [136.0, 136.0, 147.0, 0.0, 0.0, 0.0], [0.0, 0.0, 0.0, 36.0, 0.0, 0.0], [0.0, 0.0, 0.0, 0.0, 36.0, 0.0], [0.0, 0.0, 0.0, 0.0, 0.0, 36.0]]","# generated using pymatgen
data_LiZrPt2
_symmetry_space_group_name_H-M   'P 1'
_cell_length_a   4.55654519
_cell_length_b   4.55654519
_cell_length_c   4.55654519
_cell_angle_alpha   60.00000000
_cell_angle_beta   60.00000000
_cell_angle_gamma   60.00000000
_symmetry_Int_Tables_number   1
_chemical_formula_structural   LiZrPt2
_chemical_formula_sum   'Li1 Zr1 Pt2'
_cell_volume   66.89475176
_cell_formula_units_Z   1
loop_
 _symmetry_equiv_pos_site_id
 _symmetry_equiv_pos_as_xyz
  1  'x, y, z'
loop_
 _atom_site_type_symbol
 _atom_site_label
 _atom_site_symmetry_multiplicity
 _atom_site_fract_x
 _atom_site_fract_y
 _atom_site_fract_z
 _atom_site_occupancy
  Li  Li0  1  0.50000000  0.50000000  0.50000000  1
  Zr  Zr1  1  0.00000000  0.00000000  0.00000000  1
  Pt  Pt2  1  0.25000000  0.25000000  0.25000000  1
  Pt  Pt3  1  0.75000000  0.75000000  0.75000000  1
"
2,ScSnPt2,mp-30844,14.0,139.0,"[[138.0, 140.0, 140.0, 0.0, 0.0, 0.0], [140.0, 138.0, 140.0, 0.0, 0.0, 0.0], [140.0, 140.0, 138.0, 0.0, 0.0, 0.0], [0.0, 0.0, 0.0, 50.0, 0.0, 0.0], [0.0, 0.0, 0.0, 0.0, 50.0, 0.0], [0.0, 0.0, 0.0, 0.0, 0.0, 50.0]]","# generated using pymatgen
data_ScSnPt2
_symmetry_space_group_name_H-M   'P 1'
_cell_length_a   4.68462202
_cell_length_b   4.68462202
_cell_length_c   4.68462202
_cell_angle_alpha   60.00000000
_cell_angle_beta   60.00000000
_cell_angle_gamma   60.00000000
_symmetry_Int_Tables_number   1
_chemical_formula_structural   ScSnPt2
_chemical_formula_sum   'Sc1 Sn1 Pt2'
_cell_volume   72.69569108
_cell_formula_units_Z   1
loop_
 _symmetry_equiv_pos_site_id
 _symmetry_equiv_pos_as_xyz
  1  'x, y, z'
loop_
 _atom_site_type_symbol
 _atom_site_label
 _atom_site_symmetry_multiplicity
 _atom_site_fract_x
 _atom_site_fract_y
 _atom_site_fract_z
 _atom_site_occupancy
  Sc  Sc0  1  0.50000000  0.50000000  0.50000000  1
  Sn  Sn1  1  0.00000000  0.00000000  0.00000000  1
  Pt  Pt2  1  0.25000000  0.25000000  0.25000000  1
  Pt  Pt3  1  0.75000000  0.75000000  0.75000000  1
"
3,LiLuPt2,mp-861652,67.0,109.0,"[[62.0, 132.0, 132.0, 0.0, 0.0, 0.0], [132.0, 62.0, 132.0, 0.0, 0.0, 0.0], [132.0, 132.0, 62.0, 0.0, 0.0, 0.0], [0.0, 0.0, 0.0, 31.0, 0.0, 0.0], [0.0, 0.0, 0.0, 0.0, 31.0, 0.0], [0.0, 0.0, 0.0, 0.0, 0.0, 31.0]]","# generated using pymatgen
data_LiLuPt2
_symmetry_space_group_name_H-M   'P 1'
_cell_length_a   4.60892624
_cell_length_b   4.60892624
_cell_length_c   4.60892624
_cell_angle_alpha   60.00000000
_cell_angle_beta   60.00000000
_cell_angle_gamma   60.00000000
_symmetry_Int_Tables_number   1
_chemical_formula_structural   LiLuPt2
_chemical_formula_sum   'Li1 Lu1 Pt2'
_cell_volume   69.22839714
_cell_formula_units_Z   1
loop_
 _symmetry_equiv_pos_site_id
 _symmetry_equiv_pos_as_xyz
  1  'x, y, z'
loop_
 _atom_site_type_symbol
 _atom_site_label
 _atom_site_symmetry_multiplicity
 _atom_site_fract_x
 _atom_site_fract_y
 _atom_site_fract_z
 _atom_site_occupancy
  Li  Li0  1  0.50000000  0.50000000  0.50000000  1
  Lu  Lu1  1  0.00000000  0.00000000  0.00000000  1
  Pt  Pt2  1  0.25000000  0.25000000  0.25000000  1
  Pt  Pt3  1  0.75000000  0.75000000  0.75000000  1
"
4,HfZnPt2,mp-983430,32.0,212.0,"[[222.0, 207.0, 207.0, 0.0, 0.0, 0.0], [207.0, 222.0, 207.0, 0.0, 0.0, 0.0], [207.0, 207.0, 222.0, 0.0, 0.0, 0.0], [0.0, 0.0, 0.0, 74.0, 0.0, 0.0], [0.0, 0.0, 0.0, 0.0, 74.0, 0.0], [0.0, 0.0, 0.0, 0.0, 0.0, 74.0]]","# generated using pymatgen
data_HfZnPt2
_symmetry_space_group_name_H-M   'P 1'
_cell_length_a   4.55168029
_cell_length_b   4.55168029
_cell_length_c   4.55168029
_cell_angle_alpha   60.00000000
_cell_angle_beta   60.00000000
_cell_angle_gamma   60.00000000
_symmetry_Int_Tables_number   1
_chemical_formula_structural   HfZnPt2
_chemical_formula_sum   'Hf1 Zn1 Pt2'
_cell_volume   66.68071553
_cell_formula_units_Z   1
loop_
 _symmetry_equiv_pos_site_id
 _symmetry_equiv_pos_as_xyz
  1  'x, y, z'
loop_
 _atom_site_type_symbol
 _atom_site_label
 _atom_site_symmetry_multiplicity
 _atom_site_fract_x
 _atom_site_fract_y
 _atom_site_fract_z
 _atom_site_occupancy
  Hf  Hf0  1  0.50000000  0.50000000  0.50000000  1
  Zn  Zn1  1  0.00000000  0.00000000  0.00000000  1
  Pt  Pt2  1  0.25000000  0.25000000  0.25000000  1
  Pt  Pt3  1  0.75000000  0.75000000  0.75000000  1
"
5,LiScPt2,mp-865228,73.0,114.0,"[[-1.0, 171.0, 171.0, 0.0, 0.0, 0.0], [171.0, -1.0, 171.0, 0.0, 0.0, 0.0], [171.0, 171.0, -1.0, 0.0, 0.0, 0.0], [0.0, 0.0, 0.0, 53.0, 0.0, 0.0], [0.0, 0.0, 0.0, 0.0, 53.0, 0.0], [0.0, 0.0, 0.0, 0.0, 0.0, 53.0]]","# generated using pymatgen
data_LiScPt2
_symmetry_space_group_name_H-M   'P 1'
_cell_length_a   4.47682031
_cell_length_b   4.47682031
_cell_length_c   4.47682031
_cell_angle_alpha   60.00000000
_cell_angle_beta   60.00000000
_cell_angle_gamma   60.00000000
_symmetry_Int_Tables_number   1
_chemical_formula_structural   LiScPt2
_chemical_formula_sum   'Li1 Sc1 Pt2'
_cell_volume   63.44450184
_cell_formula_units_Z   1
loop_
 _symmetry_equiv_pos_site_id
 _symmetry_equiv_pos_as_xyz
  1  'x, y, z'
loop_
 _atom_site_type_symbol
 _atom_site_label
 _atom_site_symmetry_multiplicity
 _atom_site_fract_x
 _atom_site_fract_y
 _atom_site_fract_z
 _atom_site_occupancy
  Li  Li0  1  0.50000000  0.50000000  0.50000000  1
  Sc  Sc1  1  0.00000000  0.00000000  0.00000000  1
  Pt  Pt2  1  0.25000000  0.25000000  0.25000000  1
  Pt  Pt3  1  0.75000000  0.75000000  0.75000000  1
"
6,YCdPt2,mp-865524,19.0,114.0,"[[120.0, 112.0, 112.0, 0.0, 0.0, 0.0], [112.0, 120.0, 112.0, 0.0, 0.0, 0.0], [112.0, 112.0, 120.0, 0.0, 0.0, 0.0], [0.0, 0.0, 0.0, 47.0, 0.0, 0.0], [0.0, 0.0, 0.0, 0.0, 47.0, 0.0], [0.0, 0.0, 0.0, 0.0, 0.0, 47.0]]","# generated using pymatgen
data_YCdPt2
_symmetry_space_group_name_H-M   'P 1'
_cell_length_a   4.81319666
_cell_length_b   4.81319666
_cell_length_c   4.81319666
_cell_angle_alpha   60.00000000
_cell_angle_beta   60.00000000
_cell_angle_gamma   60.00000000
_symmetry_Int_Tables_number   1
_chemical_formula_structural   YCdPt2
_chemical_formula_sum   'Y1 Cd1 Pt2'
_cell_volume   78.84711789
_cell_formula_units_Z   1
loop_
 _symmetry_equiv_pos_site_id
 _symmetry_equiv_pos_as_xyz
  1  'x, y, z'
loop_
 _atom_site_type_symbol
 _atom_site_label
 _atom_site_symmetry_multiplicity
 _atom_site_fract_x
 _atom_site_fract_y
 _atom_site_fract_z
 _atom_site_occupancy
  Y  Y0  1  0.00000000  0.00000000  0.00000000  1
  Cd  Cd1  1  0.50000000  0.50000000  0.50000000  1
  Pt  Pt2  1  0.25000000  0.25000000  0.25000000  1
  Pt  Pt3  1  0.75000000  0.75000000  0.75000000  1
"
7,LiAlPt2,mp-862296,134.0,161.0,"[[-13.0, 249.0, 249.0, 0.0, 0.0, 0.0], [249.0, -13.0, 249.0, 0.0, 0.0, 0.0], [249.0, 249.0, -13.0, 0.0, 0.0, 0.0], [0.0, 0.0, 0.0, 88.0, 0.0, 0.0], [0.0, 0.0, 0.0, 0.0, 88.0, 0.0], [0.0, 0.0, 0.0, 0.0, 0.0, 88.0]]","# generated using pymatgen
data_LiAlPt2
_symmetry_space_group_name_H-M   'P 1'
_cell_length_a   4.26079070
_cell_length_b   4.26079070
_cell_length_c   4.26079070
_cell_angle_alpha   60.00000000
_cell_angle_beta   60.00000000
_cell_angle_gamma   60.00000000
_symmetry_Int_Tables_number   1
_chemical_formula_structural   LiAlPt2
_chemical_formula_sum   'Li1 Al1 Pt2'
_cell_volume   54.69600504
_cell_formula_units_Z   1
loop_
 _symmetry_equiv_pos_site_id
 _symmetry_equiv_pos_as_xyz
  1  'x, y, z'
loop_
 _atom_site_type_symbol
 _atom_site_label
 _atom_site_symmetry_multiplicity
 _atom_site_fract_x
 _atom_site_fract_y
 _atom_site_fract_z
 _atom_site_occupancy
  Li  Li0  1  0.50000000  0.50000000  0.50000000  1
  Al  Al1  1  0.00000000  0.00000000  0.00000000  1
  Pt  Pt2  1  0.75000000  0.75000000  0.75000000  1
  Pt  Pt3  1  0.25000000  0.25000000  0.25000000  1
"
8,TiZnPt2,mp-861619,-67.0,180.0,"[[142.0, 199.0, 199.0, 0.0, 0.0, 0.0], [199.0, 142.0, 199.0, 0.0, 0.0, 0.0], [199.0, 199.0, 142.0, 0.0, 0.0, 0.0], [0.0, 0.0, 0.0, 76.0, 0.0, 0.0], [0.0, 0.0, 0.0, 0.0, 76.0, 0.0], [0.0, 0.0, 0.0, 0.0, 0.0, 76.0]]","# generated using pymatgen
data_TiZnPt2
_symmetry_space_group_name_H-M   'P 1'
_cell_length_a   4.42834531
_cell_length_b   4.42834531
_cell_length_c   4.42834531
_cell_angle_alpha   60.00000000
_cell_angle_beta   60.00000000
_cell_angle_gamma   60.00000000
_symmetry_Int_Tables_number   1
_chemical_formula_structural   TiZnPt2
_chemical_formula_sum   'Ti1 Zn1 Pt2'
_cell_volume   61.40580636
_cell_formula_units_Z   1
loop_
 _symmetry_equiv_pos_site_id
 _symmetry_equiv_pos_as_xyz
  1  'x, y, z'
loop_
 _atom_site_type_symbol
 _atom_site_label
 _atom_site_symmetry_multiplicity
 _atom_site_fract_x
 _atom_site_fract_y
 _atom_site_fract_z
 _atom_site_occupancy
  Ti  Ti0  1  0.50000000  0.50000000  0.50000000  1
  Zn  Zn1  1  0.00000000  0.00000000  0.00000000  1
  Pt  Pt2  1  0.25000000  0.25000000  0.25000000  1
  Pt  Pt3  1  0.75000000  0.75000000  0.75000000  1
"
9,ScGaPt2,mp-867923,-112.0,148.0,"[[123.0, 161.0, 161.0, 0.0, 0.0, 0.0], [161.0, 123.0, 161.0, 0.0, 0.0, 0.0], [161.0, 161.0, 123.0, 0.0, 0.0, 0.0], [0.0, 0.0, 0.0, 35.0, 0.0, 0.0], [0.0, 0.0, 0.0, 0.0, 35.0, 0.0], [0.0, 0.0, 0.0, 0.0, 0.0, 35.0]]","# generated using pymatgen
data_ScGaPt2
_symmetry_space_group_name_H-M   'P 1'
_cell_length_a   4.54040194
_cell_length_b   4.54040194
_cell_length_c   4.54040194
_cell_angle_alpha   60.00000000
_cell_angle_beta   60.00000000
_cell_angle_gamma   60.00000000
_symmetry_Int_Tables_number   1
_chemical_formula_structural   ScGaPt2
_chemical_formula_sum   'Sc1 Ga1 Pt2'
_cell_volume   66.18626951
_cell_formula_units_Z   1
loop_
 _symmetry_equiv_pos_site_id
 _symmetry_equiv_pos_as_xyz
  1  'x, y, z'
loop_
 _atom_site_type_symbol
 _atom_site_label
 _atom_site_symmetry_multiplicity
 _atom_site_fract_x
 _atom_site_fract_y
 _atom_site_fract_z
 _atom_site_occupancy
  Sc  Sc0  1  0.00000000  0.00000000  0.00000000  1
  Ga  Ga1  1  0.50000000  0.50000000  0.50000000  1
  Pt  Pt2  1  0.25000000  0.25000000  0.25000000  1
  Pt  Pt3  1  0.75000000  0.75000000  0.75000000  1
"
10,ScZnPt2,mp-867768,-62.0,142.0,"[[110.0, 158.0, 158.0, 0.0, 0.0, 0.0], [158.0, 110.0, 158.0, 0.0, 0.0, 0.0], [158.0, 158.0, 110.0, 0.0, 0.0, 0.0], [0.0, 0.0, 0.0, 60.0, 0.0, 0.0], [0.0, 0.0, 0.0, 0.0, 60.0, 0.0], [0.0, 0.0, 0.0, 0.0, 0.0, 60.0]]","# generated using pymatgen
data_ScZnPt2
_symmetry_space_group_name_H-M   'P 1'
_cell_length_a   4.52035405
_cell_length_b   4.52035405
_cell_length_c   4.52035405
_cell_angle_alpha   60.00000000
_cell_angle_beta   60.00000000
_cell_angle_gamma   60.00000000
_symmetry_Int_Tables_number   1
_chemical_formula_structural   ScZnPt2
_chemical_formula_sum   'Sc1 Zn1 Pt2'
_cell_volume   65.31340960
_cell_formula_units_Z   1
loop_
 _symmetry_equiv_pos_site_id
 _symmetry_equiv_pos_as_xyz
  1  'x, y, z'
loop_
 _atom_site_type_symbol
 _atom_site_label
 _atom_site_symmetry_multiplicity
 _atom_site_fract_x
 _atom_site_fract_y
 _atom_site_fract_z
 _atom_site_occupancy
  Sc  Sc0  1  0.50000000  0.50000000  0.50000000  1
  Zn  Zn1  1  0.00000000  0.00000000  0.00000000  1
  Pt  Pt2  1  0.25000000  0.25000000  0.25000000  1
  Pt  Pt3  1  0.75000000  0.75000000  0.75000000  1
"
11,ScAlPt2,mp-973153,28.0,150.0,"[[173.0, 139.0, 139.0, 0.0, 0.0, 0.0], [139.0, 173.0, 139.0, 0.0, 0.0, 0.0], [139.0, 139.0, 173.0, 0.0, 0.0, 0.0], [0.0, 0.0, 0.0, 39.0, 0.0, 0.0], [0.0, 0.0, 0.0, 0.0, 39.0, 0.0], [0.0, 0.0, 0.0, 0.0, 0.0, 39.0]]","# generated using pymatgen
data_ScAlPt2
_symmetry_space_group_name_H-M   'P 1'
_cell_length_a   4.52484276
_cell_length_b   4.52484276
_cell_length_c   4.52484276
_cell_angle_alpha   60.00000000
_cell_angle_beta   60.00000000
_cell_angle_gamma   60.00000000
_symmetry_Int_Tables_number   1
_chemical_formula_structural   ScAlPt2
_chemical_formula_sum   'Sc1 Al1 Pt2'
_cell_volume   65.50817162
_cell_formula_units_Z   1
loop_
 _symmetry_equiv_pos_site_id
 _symmetry_equiv_pos_as_xyz
  1  'x, y, z'
loop_
 _atom_site_type_symbol
 _atom_site_label
 _atom_site_symmetry_multiplicity
 _atom_site_fract_x
 _atom_site_fract_y
 _atom_site_fract_z
 _atom_site_occupancy
  Sc  Sc0  1  0.00000000  0.00000000  0.00000000  1
  Al  Al1  1  0.50000000  0.50000000  0.50000000  1
  Pt  Pt2  1  0.25000000  0.25000000  0.25000000  1
  Pt  Pt3  1  0.75000000  0.75000000  0.75000000  1
"
12,ZrInPt2,mp-571310,18.0,161.0,"[[163.0, 159.0, 159.0, 0.0, 0.0, 0.0], [159.0, 163.0, 159.0, 0.0, 0.0, 0.0], [159.0, 159.0, 163.0, 0.0, 0.0, 0.0], [0.0, 0.0, 0.0, 52.0, 0.0, 0.0], [0.0, 0.0, 0.0, 0.0, 52.0, 0.0], [0.0, 0.0, 0.0, 0.0, 0.0, 52.0]]","# generated using pymatgen
data_ZrInPt2
_symmetry_space_group_name_H-M   'P 1'
_cell_length_a   4.71410555
_cell_length_b   4.71410555
_cell_length_c   4.71410555
_cell_angle_alpha   60.00000000
_cell_angle_beta   60.00000000
_cell_angle_gamma   60.00000000
_symmetry_Int_Tables_number   1
_chemical_formula_structural   ZrInPt2
_chemical_formula_sum   'Zr1 In1 Pt2'
_cell_volume   74.07691855
_cell_formula_units_Z   1
loop_
 _symmetry_equiv_pos_site_id
 _symmetry_equiv_pos_as_xyz
  1  'x, y, z'
loop_
 _atom_site_type_symbol
 _atom_site_label
 _atom_site_symmetry_multiplicity
 _atom_site_fract_x
 _atom_site_fract_y
 _atom_site_fract_z
 _atom_site_occupancy
  Zr  Zr0  1  0.50000000  0.50000000  0.50000000  1
  In  In1  1  0.00000000  0.00000000  0.00000000  1
  Pt  Pt2  1  0.25000000  0.25000000  0.25000000  1
  Pt  Pt3  1  0.75000000  0.75000000  0.75000000  1
"
13,ScInPt2,mp-20521,6.0,140.0,"[[129.0, 145.0, 145.0, 0.0, 0.0, 0.0], [145.0, 129.0, 145.0, 0.0, 0.0, 0.0], [145.0, 145.0, 129.0, 0.0, 0.0, 0.0], [0.0, 0.0, 0.0, 64.0, 0.0, 0.0], [0.0, 0.0, 0.0, 0.0, 64.0, 0.0], [0.0, 0.0, 0.0, 0.0, 0.0, 64.0]]","# generated using pymatgen
data_ScInPt2
_symmetry_space_group_name_H-M   'P 1'
_cell_length_a   4.66898648
_cell_length_b   4.66898648
_cell_length_c   4.66898648
_cell_angle_alpha   60.00000000
_cell_angle_beta   60.00000000
_cell_angle_gamma   60.00000000
_symmetry_Int_Tables_number   1
_chemical_formula_structural   ScInPt2
_chemical_formula_sum   'Sc1 In1 Pt2'
_cell_volume   71.97022339
_cell_formula_units_Z   1
loop_
 _symmetry_equiv_pos_site_id
 _symmetry_equiv_pos_as_xyz
  1  'x, y, z'
loop_
 _atom_site_type_symbol
 _atom_site_label
 _atom_site_symmetry_multiplicity
 _atom_site_fract_x
 _atom_site_fract_y
 _atom_site_fract_z
 _atom_site_occupancy
  Sc  Sc0  1  0.50000000  0.50000000  0.50000000  1
  In  In1  1  0.00000000  0.00000000  0.00000000  1
  Pt  Pt2  1  0.75000000  0.75000000  0.75000000  1
  Pt  Pt3  1  0.25000000  0.25000000  0.25000000  1
"
14,ZnCuPt2,mp-971739,51.0,212.0,"[[237.0, 199.0, 199.0, 0.0, 0.0, 0.0], [199.0, 237.0, 199.0, 0.0, 0.0, 0.0], [199.0, 199.0, 237.0, 0.0, 0.0, 0.0], [0.0, 0.0, 0.0, 98.0, 0.0, 0.0], [0.0, 0.0, 0.0, 0.0, 98.0, 0.0], [0.0, 0.0, 0.0, 0.0, 0.0, 98.0]]","# generated using pymatgen
data_ZnCuPt2
_symmetry_space_group_name_H-M   'P 1'
_cell_length_a   4.31009585
_cell_length_b   4.31009585
_cell_length_c   4.31009585
_cell_angle_alpha   60.00000000
_cell_angle_beta   60.00000000
_cell_angle_gamma   60.00000000
_symmetry_Int_Tables_number   1
_chemical_formula_structural   ZnCuPt2
_chemical_formula_sum   'Zn1 Cu1 Pt2'
_cell_volume   56.61686082
_cell_formula_units_Z   1
loop_
 _symmetry_equiv_pos_site_id
 _symmetry_equiv_pos_as_xyz
  1  'x, y, z'
loop_
 _atom_site_type_symbol
 _atom_site_label
 _atom_site_symmetry_multiplicity
 _atom_site_fract_x
 _atom_site_fract_y
 _atom_site_fract_z
 _atom_site_occupancy
  Zn  Zn0  1  0.00000000  0.00000000  0.00000000  1
  Cu  Cu1  1  0.50000000  0.50000000  0.50000000  1
  Pt  Pt2  1  0.25000000  0.25000000  0.25000000  1
  Pt  Pt3  1  0.75000000  0.75000000  0.75000000  1
"
15,LiTmPt2,mp-867313,42.0,105.0,"[[64.0, 125.0, 125.0, 0.0, 0.0, 0.0], [125.0, 64.0, 125.0, 0.0, 0.0, 0.0], [125.0, 125.0, 64.0, 0.0, 0.0, 0.0], [0.0, 0.0, 0.0, 24.0, 0.0, 0.0], [0.0, 0.0, 0.0, 0.0, 24.0, 0.0], [0.0, 0.0, 0.0, 0.0, 0.0, 24.0]]","# generated using pymatgen
data_LiTmPt2
_symmetry_space_group_name_H-M   'P 1'
_cell_length_a   4.62329607
_cell_length_b   4.62329607
_cell_length_c   4.62329607
_cell_angle_alpha   60.00000000
_cell_angle_beta   60.00000000
_cell_angle_gamma   60.00000000
_symmetry_Int_Tables_number   1
_chemical_formula_structural   LiTmPt2
_chemical_formula_sum   'Li1 Tm1 Pt2'
_cell_volume   69.87794412
_cell_formula_units_Z   1
loop_
 _symmetry_equiv_pos_site_id
 _symmetry_equiv_pos_as_xyz
  1  'x, y, z'
loop_
 _atom_site_type_symbol
 _atom_site_label
 _atom_site_symmetry_multiplicity
 _atom_site_fract_x
 _atom_site_fract_y
 _atom_site_fract_z
 _atom_site_occupancy
  Li  Li0  1  0.50000000  0.50000000  0.50000000  1
  Tm  Tm1  1  0.00000000  0.00000000  0.00000000  1
  Pt  Pt2  1  0.25000000  0.25000000  0.25000000  1
  Pt  Pt3  1  0.75000000  0.75000000  0.75000000  1
"
16,LiGaPt2,mp-867170,99.0,153.0,"[[-40.0, 250.0, 250.0, 0.0, 0.0, 0.0], [250.0, -40.0, 250.0, 0.0, 0.0, 0.0], [250.0, 250.0, -40.0, 0.0, 0.0, 0.0], [0.0, 0.0, 0.0, 79.0, 0.0, 0.0], [0.0, 0.0, 0.0, 0.0, 79.0, 0.0], [0.0, 0.0, 0.0, 0.0, 0.0, 79.0]]","# generated using pymatgen
data_LiGaPt2
_symmetry_space_group_name_H-M   'P 1'
_cell_length_a   4.28867051
_cell_length_b   4.28867051
_cell_length_c   4.28867051
_cell_angle_alpha   60.00000000
_cell_angle_beta   60.00000000
_cell_angle_gamma   60.00000000
_symmetry_Int_Tables_number   1
_chemical_formula_structural   LiGaPt2
_chemical_formula_sum   'Li1 Ga1 Pt2'
_cell_volume   55.77672966
_cell_formula_units_Z   1
loop_
 _symmetry_equiv_pos_site_id
 _symmetry_equiv_pos_as_xyz
  1  'x, y, z'
loop_
 _atom_site_type_symbol
 _atom_site_label
 _atom_site_symmetry_multiplicity
 _atom_site_fract_x
 _atom_site_fract_y
 _atom_site_fract_z
 _atom_site_occupancy
  Li  Li0  1  0.00000000  0.00000000  0.00000000  1
  Ga  Ga1  1  0.50000000  0.50000000  0.50000000  1
  Pt  Pt2  1  0.75000000  0.75000000  0.75000000  1
  Pt  Pt3  1  0.25000000  0.25000000  0.25000000  1
"
17,PaInPt2,mp-862824,19.0,127.0,"[[93.0, 145.0, 145.0, 0.0, 0.0, 0.0], [145.0, 93.0, 145.0, 0.0, 0.0, 0.0], [145.0, 145.0, 93.0, 0.0, 0.0, 0.0], [0.0, 0.0, 0.0, 15.0, 0.0, 0.0], [0.0, 0.0, 0.0, 0.0, 15.0, 0.0], [0.0, 0.0, 0.0, 0.0, 0.0, 15.0]]","# generated using pymatgen
data_PaInPt2
_symmetry_space_group_name_H-M   'P 1'
_cell_length_a   4.87195441
_cell_length_b   4.87195441
_cell_length_c   4.87195441
_cell_angle_alpha   60.00000000
_cell_angle_beta   60.00000000
_cell_angle_gamma   60.00000000
_symmetry_Int_Tables_number   1
_chemical_formula_structural   PaInPt2
_chemical_formula_sum   'Pa1 In1 Pt2'
_cell_volume   81.77012259
_cell_formula_units_Z   1
loop_
 _symmetry_equiv_pos_site_id
 _symmetry_equiv_pos_as_xyz
  1  'x, y, z'
loop_
 _atom_site_type_symbol
 _atom_site_label
 _atom_site_symmetry_multiplicity
 _atom_site_fract_x
 _atom_site_fract_y
 _atom_site_fract_z
 _atom_site_occupancy
  Pa  Pa0  1  0.00000000  0.00000000  0.00000000  1
  In  In1  1  0.50000000  0.50000000  0.50000000  1
  Pt  Pt2  1  0.25000000  0.25000000  0.25000000  1
  Pt  Pt3  1  0.75000000  0.75000000  0.75000000  1
"
18,GaCuPt2,mp-862791,472.0,220.0,"[[148.0, 256.0, 256.0, 0.0, 0.0, 0.0], [256.0, 148.0, 256.0, 0.0, 0.0, 0.0], [256.0, 256.0, 148.0, 0.0, 0.0, 0.0], [0.0, 0.0, 0.0, 71.0, 0.0, 0.0], [0.0, 0.0, 0.0, 0.0, 71.0, 0.0], [0.0, 0.0, 0.0, 0.0, 0.0, 71.0]]","# generated using pymatgen
data_GaCuPt2
_symmetry_space_group_name_H-M   'P 1'
_cell_length_a   4.32932491
_cell_length_b   4.32932491
_cell_length_c   4.32932491
_cell_angle_alpha   60.00000000
_cell_angle_beta   60.00000000
_cell_angle_gamma   60.00000000
_symmetry_Int_Tables_number   1
_chemical_formula_structural   GaCuPt2
_chemical_formula_sum   'Ga1 Cu1 Pt2'
_cell_volume   57.37801797
_cell_formula_units_Z   1
loop_
 _symmetry_equiv_pos_site_id
 _symmetry_equiv_pos_as_xyz
  1  'x, y, z'
loop_
 _atom_site_type_symbol
 _atom_site_label
 _atom_site_symmetry_multiplicity
 _atom_site_fract_x
 _atom_site_fract_y
 _atom_site_fract_z
 _atom_site_occupancy
  Ga  Ga0  1  0.00000000  0.00000000  0.00000000  1
  Cu  Cu1  1  0.50000000  0.50000000  0.50000000  1
  Pt  Pt2  1  0.25000000  0.25000000  0.25000000  1
  Pt  Pt3  1  0.75000000  0.75000000  0.75000000  1
"
19,LiInPt2,mp-862774,87.0,130.0,"[[30.0, 180.0, 180.0, 0.0, 0.0, 0.0], [180.0, 30.0, 180.0, 0.0, 0.0, 0.0], [180.0, 180.0, 30.0, 0.0, 0.0, 0.0], [0.0, 0.0, 0.0, 54.0, 0.0, 0.0], [0.0, 0.0, 0.0, 0.0, 54.0, 0.0], [0.0, 0.0, 0.0, 0.0, 0.0, 54.0]]","# generated using pymatgen
data_LiInPt2
_symmetry_space_group_name_H-M   'P 1'
_cell_length_a   4.49517680
_cell_length_b   4.49517680
_cell_length_c   4.49517680
_cell_angle_alpha   60.00000000
_cell_angle_beta   60.00000000
_cell_angle_gamma   60.00000000
_symmetry_Int_Tables_number   1
_chemical_formula_structural   LiInPt2
_chemical_formula_sum   'Li1 In1 Pt2'
_cell_volume   64.22813862
_cell_formula_units_Z   1
loop_
 _symmetry_equiv_pos_site_id
 _symmetry_equiv_pos_as_xyz
  1  'x, y, z'
loop_
 _atom_site_type_symbol
 _atom_site_label
 _atom_site_symmetry_multiplicity
 _atom_site_fract_x
 _atom_site_fract_y
 _atom_site_fract_z
 _atom_site_occupancy
  Li  Li0  1  0.00000000  0.00000000  0.00000000  1
  In  In1  1  0.50000000  0.50000000  0.50000000  1
  Pt  Pt2  1  0.25000000  0.25000000  0.25000000  1
  Pt  Pt3  1  0.75000000  0.75000000  0.75000000  1
"
20,LiTiPt2,mp-977440,40.0,181.0,"[[-8.0, 275.0, 275.0, 0.0, 0.0, 0.0], [275.0, -8.0, 275.0, 0.0, 0.0, 0.0], [275.0, 275.0, -8.0, 0.0, 0.0, 0.0], [0.0, 0.0, 0.0, 50.0, 0.0, 0.0], [0.0, 0.0, 0.0, 0.0, 50.0, 0.0], [0.0, 0.0, 0.0, 0.0, 0.0, 50.0]]","# generated using pymatgen
data_LiTiPt2
_symmetry_space_group_name_H-M   'P 1'
_cell_length_a   4.36052812
_cell_length_b   4.36052812
_cell_length_c   4.36052812
_cell_angle_alpha   60.00000000
_cell_angle_beta   60.00000000
_cell_angle_gamma   60.00000000
_symmetry_Int_Tables_number   1
_chemical_formula_structural   LiTiPt2
_chemical_formula_sum   'Li1 Ti1 Pt2'
_cell_volume   58.62762149
_cell_formula_units_Z   1
loop_
 _symmetry_equiv_pos_site_id
 _symmetry_equiv_pos_as_xyz
  1  'x, y, z'
loop_
 _atom_site_type_symbol
 _atom_site_label
 _atom_site_symmetry_multiplicity
 _atom_site_fract_x
 _atom_site_fract_y
 _atom_site_fract_z
 _atom_site_occupancy
  Li  Li0  1  0.50000000  0.50000000  0.50000000  1
  Ti  Ti1  1  0.00000000  0.00000000  0.00000000  1
  Pt  Pt2  1  0.25000000  0.25000000  0.25000000  1
  Pt  Pt3  1  0.75000000  0.75000000  0.75000000  1
"
21,LiBePt2,mp-862316,81.0,165.0,"[[293.0, 101.0, 101.0, 0.0, 0.0, 0.0], [101.0, 293.0, 101.0, 0.0, 0.0, 0.0], [101.0, 101.0, 293.0, 0.0, 0.0, 0.0], [0.0, 0.0, 0.0, 73.0, 0.0, 0.0], [0.0, 0.0, 0.0, 0.0, 73.0, 0.0], [0.0, 0.0, 0.0, 0.0, 0.0, 73.0]]","# generated using pymatgen
data_LiBePt2
_symmetry_space_group_name_H-M   'P 1'
_cell_length_a   4.07150812
_cell_length_b   4.07150812
_cell_length_c   4.07150812
_cell_angle_alpha   60.00000000
_cell_angle_beta   60.00000000
_cell_angle_gamma   60.00000000
_symmetry_Int_Tables_number   1
_chemical_formula_structural   LiBePt2
_chemical_formula_sum   'Li1 Be1 Pt2'
_cell_volume   47.72554729
_cell_formula_units_Z   1
loop_
 _symmetry_equiv_pos_site_id
 _symmetry_equiv_pos_as_xyz
  1  'x, y, z'
loop_
 _atom_site_type_symbol
 _atom_site_label
 _atom_site_symmetry_multiplicity
 _atom_site_fract_x
 _atom_site_fract_y
 _atom_site_fract_z
 _atom_site_occupancy
  Li  Li0  1  0.00000000  0.00000000  0.00000000  1
  Be  Be1  1  0.50000000  0.50000000  0.50000000  1
  Pt  Pt2  1  0.25000000  0.25000000  0.25000000  1
  Pt  Pt3  1  0.75000000  0.75000000  0.75000000  1
"
